ts_sec,lat,lon,speed
1774455056,35.7849737515714,-78.6416335821746,0.0217714285714286
1774455060,35.7849718123488,-78.6416346179651,0.983511627906977
1774455061,35.784969167,-78.6416355,2.412
1774455064,35.7849143566667,-78.6416627244733,13.306368
1774455065,35.7848865,-78.641686167,16.3116
1774455068,35.7847930000364,-78.6418430487818,19.8240872727273
1774455069,35.7847765558851,-78.6418874205,15.9127448275862
1774455070,35.784757333,-78.641960167,17.2872
1774455071,35.784754,-78.642016833,19.4472
1774455072,35.784767833,-78.642082,24.0444
1774455076,35.784984333,-78.6423555,40.1256
1774455077,35.7850618285152,-78.6424076818182,42.4989818181818
1774455080,35.7854316371673,-78.642537523677,51.7782256809339
1774455084,35.7859849700303,-78.642680812803,59.3543454545455
1774455085,35.7861120855833,-78.6427108955,60.6426
1774455086,35.786196333,-78.642730833,61.4952
1774455087,35.786478,-78.6427991348571,64.3542857142857
1774455088,35.7865496875,-78.6428165119911,64.9791321428572
1774455089,35.7868002,-78.642875967,66.98376
1774455091,35.787165667,-78.642955333,67.4244
1774455092,35.7872264155507,-78.6429650554638,67.378747826087
1774455093,35.787351413,-78.64298351804,67.368288
1774455095,35.7877967249298,-78.6429834620877,68.9987368421053
1774455096,35.787863333,-78.642978667,69.336
1774455097,35.7880586107778,-78.6429565187778,71.1164
1774455099,35.788577833,-78.642884167,72.8028
1774455100,35.788673107125,-78.6428706013661,73.4927464285714
1774455101,35.788779167,-78.6428555,74.2608
1774455102,35.788965,-78.642828,75.0924
1774455103,35.789303767,-78.6427794998,76.24512
1774455104,35.789341667,-78.642774333,76.428
1774455107,35.79006449975,-78.6426290835,80.1027
1774455108,35.7901319067029,-78.6426103916377,80.4370695652174
1774455109,35.7903105,-78.642559667,81.1512
1774455110,35.790509833,-78.642504333,81.9396
1774455111,35.790711167,-78.6424505,82.3608
1774455112,35.790913667,-78.642398,82.6956
1774455115,35.791623333,-78.6422125,83.124
1774455116,35.7917580144409,-78.6421839677419,83.1287225806451
1774455117,35.791828667,-78.642169,83.1312
1774455118,35.792235167,-78.642074333,81.5328
1774455119,35.792434,-78.642020667,80.784
1774455120,35.792434,-78.642020667,80.784
1774455123,35.7932195,-78.641802667,81.2484
1774455124,35.7933727053,-78.6417634389667,81.50508
1774455125,35.7935609762857,-78.6417149645,81.2730857142857
1774455127,35.794035,-78.641588667,80.4384
1774455128,35.794035,-78.641588667,80.4384
1774455131,35.794787333,-78.641361167,78.516
1774455132,35.7948683435625,-78.641327114625,78.237225
1774455135,35.7955879754364,-78.6409468579091,76.9792581818182
1774455136,35.795594333,-78.640943167,76.9536
1774455139,35.7961578888889,-78.6406255306296,71.9802666666667
1774455140,35.796274,-78.6405595,71.8992
1774455141,35.796435667,-78.640466833,70.7544
1774455143,35.7968524653019,-78.6402242292264,68.6444603773585
1774455144,35.796905333,-78.640193833,68.6628
1774455147,35.797377185459,-78.6398880243115,68.4794950819672
1774455148,35.797504333,-78.639778167,66.6684
1774455151,35.797884167,-78.639425833,59.4468
1774455155,35.798481333,-78.639230333,54.0036
1774455156,35.798613525,-78.6392464898,54.28208448
1774455158,35.798877,-78.639331667,52.7652
1774455159,35.7989723330714,-78.6393730474286,50.4910285714286
1774455162,35.799279167,-78.639506333,27.2376
1774455163,35.7993173731069,-78.6395227734351,22.2960916030534
1774455164,35.799361590298,-78.6395518573444,14.2942887417219
1774455166,35.799385333,-78.639616167,8.9388
1774455167,35.7993809364483,-78.639630822,10.2888
1774455171,35.7992339883448,-78.6397515228276,27.4344827586207
1774455172,35.799201,-78.6397545,29.4192
1774455175,35.798893,-78.6397166665,38.8278
1774455179,35.7985279889565,-78.6398451448478,38.2423304347826
1774455180,35.798461667,-78.639875833,35.7552
1774455182,35.7982423336667,-78.6398540653333,25.7032363636364
1774455183,35.798240667,-78.639852833,25.668
1774455186,35.798134731,-78.6396889872308,2.77449230769231
1774455187,35.7981331169,-78.6396875,0.80496
1774455188,35.798133,-78.6396875,0.054
1774455190,35.798133167,-78.6396875,0.147176470588235
1774455191,35.798133167,-78.6396875,0.1836
1774455194,35.7981331413077,-78.639687,0.054
1774455195,35.798133,-78.6396869833,0.09288
1774455196,35.798133,-78.639686833,0.0864
1774455198,35.798133,-78.6396865,0.0684
1774455199,35.798133,-78.639686353875,0.05265
1774455202,35.798132667,-78.639686,0.2988
1774455203,35.798132667,-78.639686,0.0861347368421053
1774455206,35.7981325,-78.639685833,0.144
1774455207,35.7981325,-78.639685833,0.144
1774455210,35.798132833,-78.639685667,0.1656
1774455211,35.798133,-78.639685667,0.054
1774455214,35.7981334671964,-78.6396855,0.0431357142857143
1774455218,35.7981341845,-78.639685407473,0.0599351351351351
1774455219,35.7981344666,-78.639685333,0.07344
1774455222,35.798134542,-78.639685375,0.2007
1774455226,35.7980366586693,-78.639694836937,25.8233952755906
1774455227,35.7980115108667,-78.6397148663333,29.69664
1774455230,35.797750667,-78.639941167,44.6976
1774455231,35.797651833,-78.640013333,47.484
1774455234,35.7972661111667,-78.6402243058333,58.9956
1774455235,35.797149437197,-78.6402912146515,62.4255818181818
1774455236,35.7970045,-78.640370167,65.8044
1774455238,35.796690667,-78.640537167,69.7896
1774455242,35.7959645,-78.640911,70.6752
1774455243,35.7958763039123,-78.640955415386,70.1289473684211
1774455245,35.795486,-78.641164833,68.472
1774455246,35.7953438796562,-78.6412439931146,67.7128022922636
1774455249,35.794849,-78.64149,67.554
1774455250,35.7947051714242,-78.641543459303,68.7308727272727
1774455251,35.794685333,-78.641550833,68.8932
1774455253,35.794165833,-78.641707167,73.4004
1774455254,35.7940977705,-78.6417257295,73.89045
1774455257,35.7934265,-78.641907667,76.5252
1774455258,35.79328324,-78.641946427,77.296752
1774455259,35.793238,-78.641958667,77.5404
1774455260,35.792928,-78.6420413886667,77.3052
1774455261,35.792615167,-78.6421225,75.906
1774455262,35.792615167,-78.6421225,75.906
1774455265,35.791860333,-78.642326667,78.7248
1774455266,35.7917319996667,-78.6423633336667,79.008
1774455267,35.791667833,-78.642381667,79.1496
1774455268,35.791473833,-78.642435667,79.5132
1774455269,35.7911277693077,-78.6425282053077,80.2110461538462
1774455270,35.7910825,-78.642540167,80.2908
1774455273,35.790293833,-78.642753167,80.874
1774455274,35.790254244461,-78.6427636105576,80.8143256505576
1774455275,35.7900765,-78.6428105,80.5464
1774455276,35.7897312345909,-78.6429005073182,78.6542727272727
1774455277,35.7896667279077,-78.6429168586769,78.2741353846154
1774455278,35.7894670606061,-78.6429646616667,77.5633090909091
1774455279,35.789305,-78.642999167,77.2884
1774455281,35.788922833,-78.643059333,76.2408
1774455282,35.7887285825243,-78.643086609699,75.4718330097087
1774455283,35.788455,-78.643125833,74.2716
1774455284,35.788271833,-78.643152333,73.0908
1774455285,35.7880900320621,-78.6431754535731,73.2848104208417
1774455286,35.7879214586667,-78.64319169475,73.8429
1774455287,35.7877195,-78.643202,75.1212
1774455289,35.787346167,-78.643191,73.89
1774455290,35.7871955326716,-78.6431730773881,73.5619701492537
1774455291,35.7871024446667,-78.6431583336667,73.1664
1774455292,35.786804667,-78.6430945,71.6652
1774455293,35.786631333,-78.643046833,70.2036
1774455297,35.7859673763846,-78.6428621538462,66.7152923076923
1774455298,35.785862437625,-78.642833395625,65.82645
1774455299,35.785802,-78.642816833,65.3148
1774455300,35.785498667,-78.642730667,58.9932
1774455301,35.7853775030545,-78.6426948121455,53.4017454545455
1774455305,35.7848627769604,-78.6426764422772,36.1223287128713
1774455306,35.78484984135,-78.642680925,35.66088
1774455307,35.78472219308,-78.64275448692,30.985056
1774455308,35.784647833,-78.642822,28.71
1774455309,35.784647833,-78.642822,28.71
1774455312,35.784432,-78.643056,27.1836
1774455313,35.7844013516667,-78.643078685,25.7916
1774455314,35.784376833,-78.643096833,24.678
1774455316,35.784259167,-78.643150167,5.5332
1774455317,35.784259167,-78.643150167,5.5332
1774455320,35.7842538855312,-78.6431519425937,0.0527625
1774455321,35.7842540515138,-78.643152,0.0517723756906077
1774455322,35.784254333,-78.643152,0.0396
1774455324,35.784254907617,-78.643152,0.0796595744680851
1774455325,35.784255167,-78.643152,0.1188
1774455328,35.784255833,-78.643151667,0.1548
1774455329,35.7842559845166,-78.643151667,0.0470145695364238
1774455330,35.7842561270652,-78.643151667,0.0168260869565217
1774455332,35.7842565,-78.643151667,0.0756
1774455333,35.7842566173514,-78.6431517836486,0.154021621621622
1774455336,35.784229667,-78.643158833,12.006
1774455337,35.7842093383934,-78.6431640030809,15.5092897058824
1774455338,35.7841759522857,-78.6431717144286,20.0098285714286
1774455339,35.784074833,-78.643189833,27.7236
1774455340,35.7840100602727,-78.6431981817727,31.2430909090909
1774455341,35.783999833,-78.6431995,31.7988
1774455344,35.783607,-78.643226833,45.1692
1774455345,35.7835597029767,-78.6432285800388,46.2009767441861
1774455346,35.783489667,-78.643231167,47.7288
1774455347,35.7832868078462,-78.6432404868462,48.3956307692308
1774455348,35.7830841398478,-78.6432503484985,48.952112238806
1774455349,35.7830623521887,-78.6432514311509,48.9866943396226
1774455350,35.782943833,-78.643258167,49.392
1774455352,35.7826510132895,-78.6432731406842,48.6742736842105
1774455353,35.7825494913363,-78.6432763882389,49.2105345132743
1774455354,35.78243831225,-78.643276896125,49.13505
1774455355,35.7822993335,-78.64327375,49.0383
1774455356,35.7821521696075,-78.6432687288131,47.5760859813084
1774455357,35.7820905,-78.643267333,47.0052
1774455360,35.781753333,-78.64328,41.1552
1774455361,35.7816537472339,-78.6432852098772,38.6216
1774455362,35.781562,-78.643288833,36.864
1774455364,35.7813621956354,-78.6432966175104,39.9885375
1774455368,35.780965667,-78.643294,40.6404
1774455369,35.780825167,-78.643300167,34.0596
1774455370,35.780750833,-78.643303667,26.1432
1774455371,35.7806961608688,-78.6433058852623,21.1354229508197
1774455372,35.780646355293,-78.6433018877898,20.1999210191083
1774455376,35.780524856451,-78.6431014970196,30.8034352941176
1774455377,35.7805180755455,-78.6429635300909,35.0649818181818
1774455378,35.7805145760556,-78.6428362803611,35.50725
1774455379,35.780511537023,-78.6427392577299,34.6662620689655
1774455380,35.7805091057273,-78.6426558939394,35.1545454545455
1774455384,35.7805156020164,-78.6423117586394,16.8883081967213
1774455385,35.7805182756996,-78.6422845225837,12.4820652360515
1774455386,35.7805193732037,-78.6422521730926,1.87966666666667
1774455387,35.78051869992,-78.64224801316,1.615968
1774455388,35.780518477288,-78.642246063712,2.2191264
1774455392,35.7805170525741,-78.6422117807408,0.0393333333333333
1774455393,35.7805171715773,-78.6422116601271,0.102111340206186
1774455394,35.7805174544545,-78.6422097122727,1.32152727272727
1774455395,35.780516333,-78.642187833,8.6508
1774455396,35.780516333,-78.642187833,8.6508
1774455400,35.78050832,-78.6420071823733,16.192176
1774455401,35.7805075,-78.641979667,17.6544
1774455403,35.7805173992676,-78.6418234035493,23.0401014084507
1774455404,35.780523167,-78.641800333,23.5836
1774455407,35.7806833468158,-78.6416806926579,25.3208842105263
1774455408,35.7807455,-78.6416755,26.064
1774455409,35.780811667,-78.641673667,26.2584
1774455411,35.780937167,-78.641669833,22.122
1774455412,35.780991833,-78.641666667,17.7696
1774455415,35.781071667,-78.641649667,7.218
1774455416,35.7810905,-78.6416425,7.308
1774455419,35.781110667,-78.6416365,0.126
1774455420,35.7811113842609,-78.6416363043478,0.893739130434783
1774455421,35.7811125,-78.641636,2.088
1774455423,35.781181,-78.641626667,16.5348
1774455424,35.7811990104167,-78.641625743125,17.955525
1774455427,35.7814315,-78.6416135,34.4268
1774455428,35.7814315,-78.6416135,34.4268
1774455431,35.781831333,-78.641594667,42.3432
1774455432,35.7818917893618,-78.6415920601974,41.8018736842105
1774455434,35.7820855,-78.641583667,37.818
1774455435,35.7822142273299,-78.6415774991753,33.873606185567
1774455436,35.782260833,-78.641574833,32.6088
1774455439,35.7824904812778,-78.6415588982778,22.0296
1774455440,35.7825248674567,-78.6415570672598,20.7517039370079
1774455441,35.782595542,-78.641523875,15.597
1774455443,35.7826214245035,-78.6414679375957,13.4193957446809
1774455444,35.782624833,-78.6414375,13.7376
1774455447,35.7826181143125,-78.641249739375,22.5765
1774455448,35.782615,-78.641195167,21.114
1774455449,35.782612167,-78.641130333,20.7
1774455450,35.782609833,-78.641063667,22.4676
1774455451,35.782608,-78.640993667,23.1408
1774455455,35.782591,-78.640640667,28.8576
1774455456,35.7825884564252,-78.6405690525591,29.2826267716535
1774455457,35.7825849239091,-78.6404861669091,29.1825818181818
1774455458,35.782579167,-78.640373,27.8604
1774455459,35.7825735,-78.640289167,26.8128
1774455463,35.7825375,-78.640027333,16.4088
1774455464,35.7825212252941,-78.6400090000588,15.2885647058824
1774455465,35.782509833,-78.639996167,14.5044
1774455466,35.782425333,-78.639988667,20.6244
1774455467,35.7824084656531,-78.6399909355102,21.533106122449
1774455470,35.782203833,-78.640005,18.7308
1774455471,35.7821858069474,-78.6400057235526,18.4721684210526
1774455472,35.782144405,-78.640007595,18.5569714285714
1774455473,35.7821065625,-78.6400092708125,19.76985
1774455474,35.782002667,-78.640008333,20.1816
1774455475,35.782002667,-78.640008333,20.1816
1774455478,35.781844167,-78.639973,10.836
1774455479,35.7818267434084,-78.639969324826,8.2457373549884
1774455480,35.7818209906764,-78.6399688070539,6.98513526970954
1774455481,35.781810833,-78.6399705,3.24
1774455482,35.781803,-78.639976167,0.2808
1774455483,35.7818029918053,-78.6399761823689,0.279848360655738
1774455486,35.7817964542121,-78.6399889447576,0.111381818181818
1774455487,35.7817955243235,-78.6399912255294,0.211552941176471
1774455488,35.7817936472868,-78.6399953964496,0.22746976744186
1774455489,35.7817925,-78.6399975,0.054
1774455490,35.7817902316476,-78.6400009475873,0.0756
1774455491,35.7817895,-78.640002167,0.0756
1774455494,35.781782733,-78.64000729992,0.285408
1774455495,35.7817808146514,-78.6400098452385,0.34285871559633
1774455496,35.781778833,-78.640011167,0.0468
1774455497,35.781777167,-78.640012333,0.1188
1774455498,35.7817755,-78.640014,0.0936
1774455499,35.781773833,-78.640016,0.2232
1774455502,35.781770167,-78.640018,0.0216
1774455503,35.7817688381209,-78.6400186644396,0.0251861804222649
1774455504,35.781767833,-78.640019,0.2664
1774455505,35.781767833,-78.640019,0.2664
1774455506,35.781766,-78.6400225,0.0108
1774455507,35.7817654,-78.6400234,0.054
1774455510,35.7817626745682,-78.6400250037841,0.116222727272727
1774455511,35.7817620305173,-78.6400248433911,0.0505216
1774455512,35.781761275579,-78.6400249447519,0.100854135338346
1774455514,35.7817584994348,-78.6400269860435,0.0547281663516068
1774455515,35.78175799975,-78.6400273335,0.0918
1774455518,35.7817537992308,-78.6400294959743,0.127015384615385
1774455519,35.7817529533289,-78.6400299051986,0.123218181818182
1774455520,35.7817516014569,-78.6400307102172,0.16043595505618
1774455522,35.7817494512942,-78.6400325487058,0.0885184890656064
1774455523,35.781748667,-78.640033333,0.1224
1774455526,35.7817452956029,-78.6400379464118,0.074435294117647
1774455527,35.7817451576259,-78.6400381857341,0.0800095135135135
1774455528,35.7817445,-78.6400395,0.1368
1774455529,35.781742833,-78.640039667,0.1476
1774455530,35.7817427673642,-78.6400396575993,0.141317880794702
1774455531,35.781741667,-78.6400395,0.036
1774455533,35.7817385,-78.64004,0.0792
1774455534,35.781737512931,-78.64004,0.060248275862069
1774455535,35.7817369749683,-78.6400400100067,0.0253983305509182
1774455536,35.781736167,-78.640040333,0.1224
1774455537,35.781734833,-78.640040167,0.108
1774455538,35.7817346656029,-78.6400401334402,0.0928076555023923
1774455539,35.781734,-78.64004,0.0324
1774455541,35.781731667,-78.640040833,0.0972
1774455542,35.7817308056429,-78.6400412020476,0.184885714285714
1774455543,35.7817299760408,-78.6400414079796,0.170742857142857
1774455544,35.7817293067638,-78.6400415052598,0.115540157480315
1774455545,35.781727833,-78.6400425,0.0972
1774455546,35.7817278318788,-78.6400425153625,0.0910222222222222
1774455547,35.7817275,-78.640043333,0.1116
1774455549,35.7817265,-78.6400465,0.2376
1774455550,35.7817265,-78.6400469998,0.16632
1774455551,35.7817265,-78.6400476383169,0.0907859154929578
1774455552,35.7817265,-78.640048,0.0576
1774455553,35.781726667,-78.640049333,0.1332
1774455554,35.781726667,-78.6400493404664,0.132514925373134
1774455555,35.781726667,-78.64005,0.072
1774455557,35.7817265,-78.6400505,0.0828
1774455558,35.7817265,-78.6400504848182,0.0818181818181818
1774455559,35.7817264825359,-78.6400503156405,0.0716235294117647
1774455560,35.781726333,-78.640050167,0.0684
1774455561,35.781726,-78.6400498312625,0.141345
1774455562,35.7817259977034,-78.6400496646965,0.122027586206897
1774455565,35.7817255607477,-78.640049141785,0.195577570093458
1774455566,35.781726,-78.640050167,0.126
1774455567,35.781726667,-78.640051833,0.2052
1774455568,35.7817272350588,-78.6400535388824,0.0854470588235294
1774455569,35.781727833,-78.640055333,0.162
1774455570,35.781727986746,-78.6400557933175,0.122228571428571
1774455573,35.781728333,-78.640059333,0.054
1774455574,35.781728333,-78.6400596228868,0.110241509433962
1774455575,35.7817281727241,-78.6400601497586,0.0562344827586207
1774455576,35.781728167,-78.640060167,0.054
1774455577,35.781727833,-78.640061333,0.0972
1774455578,35.7817277972857,-78.640061333,0.0987428571428571
1774455581,35.781727167,-78.640063,0.126
1774455582,35.7817269501169,-78.640063,0.0839220779220779
1774455583,35.781726833,-78.6400632603028,0.0583859154929578
1774455584,35.781726833,-78.640063333,0.0576
1774455585,35.781726991601,-78.6400651167066,0.114454652137469
1774455586,35.7817269880714,-78.6400651907857,0.112628571428571
1774455589,35.781727167,-78.640067833,0.1116
1774455590,35.7817271423607,-78.6400678576393,0.102039344262295
1774455591,35.781727070487,-78.6400683515909,0.103020779220779
1774455593,35.781727333,-78.6400698807784,0.0575744318181818
1774455594,35.781727333,-78.640070167,0.072
1774455597,35.781727333,-78.6400717760909,0.0896727272727273
1774455598,35.7817273167398,-78.6400721561382,0.223609756097561
1774455599,35.7817268502759,-78.640071902,0.024951724137931
1774455601,35.7817271673265,-78.6400731904402,0.185491764705882
1774455602,35.7817275,-78.6400745,0.1476
1774455605,35.7817278573542,-78.6400755243542,0.173625
1774455606,35.781728,-78.6400757483061,0.27690612244898
1774455607,35.781728,-78.640075833,0.0432
1774455609,35.781728333,-78.640076667161,0.16557555771096
1774455610,35.781728333,-78.640076833,0.1404
1774455612,35.7817285,-78.640077333,0.144
1774455613,35.7817288159231,-78.640077807359,0.164492307692308
1774455614,35.781728833,-78.6400779917531,0.151911111111111
1774455615,35.781728833,-78.6400781547206,0.0611470588235294
1774455616,35.781729167,-78.640078833,0.0792
1774455617,35.781729167,-78.6400792446314,0.141438670694864
1774455618,35.781729167,-78.640079333,0.1548
1774455621,35.7817296260377,-78.640081462434,0.146445283018868
1774455622,35.781729667,-78.6400823669172,0.116478106508876
1774455623,35.781729667,-78.6400825797681,0.0880152091254753
1774455624,35.781729667,-78.640083333,0.09
1774455625,35.781729667,-78.6400833359044,0.0899686956521739
1774455626,35.781729667,-78.640083667,0.0864
1774455628,35.781729833,-78.640085333,0.036
1774455629,35.7817300764237,-78.6400860618136,0.0307525423728814
1774455630,35.7817304877071,-78.6400869744141,0.102690909090909
1774455631,35.781730667,-78.640087333,0.144
1774455632,35.781731667,-78.640090667,0.1008
1774455633,35.7817316705699,-78.640090684914,0.104361290322581
1774455636,35.7817328259149,-78.6400934787234,0.115429787234043
1774455637,35.7817329671709,-78.6400937008547,0.109415384615385
1774455638,35.781733536281,-78.6400941233399,0.0609176470588235
1774455639,35.781733667,-78.640094167,0.0468
1774455640,35.7817343005876,-78.6400948005876,0.159550515463918
1774455641,35.7817345045045,-78.6400950045045,0.179935135135135
1774455644,35.781735875,-78.64009633325,0.1071
1774455645,35.7817361802703,-78.6400967702703,0.156356756756757
1774455646,35.7817366748125,-78.6400975104219,0.2736
1774455647,35.781737167,-78.640098167,0.0468
1774455648,35.7817377136484,-78.6400987068047,0.086090625
1774455649,35.781738167,-78.6400995,0.0396
1774455652,35.781739333,-78.640101167,0.0468
1774455653,35.781739333,-78.640101167,0.162
1774455654,35.781739667,-78.640102,0.1476
1774455656,35.78174,-78.640103167,0.1188
1774455657,35.7817398664,-78.6401032998,0.05832
1774455660,35.781739833,-78.640105,0.1116
1774455661,35.7817394601186,-78.640104751661,0.0310576271186441
1774455662,35.7817394560526,-78.6401052807895,0.0858315789473684
1774455664,35.7817401232445,-78.6401083471179,0.0815580786026201
1774455665,35.7817401002,-78.6401085668,0.0864
1774455668,35.7817397107802,-78.640108833,0.0718813186813187
1774455669,35.7817393071515,-78.6401087135303,0.0396
1774455670,35.7817390865926,-78.6401086267963,0.0474
1774455672,35.7817385897313,-78.6401085,0.0819940298507463
1774455673,35.7817385,-78.6401085,0.0936
1774455676,35.7817377877273,-78.6401094544545,0.0255272727272727
1774455677,35.7817375429901,-78.6401092097327,0.0734257425742574
1774455678,35.7817374842991,-78.6401091355983,0.0894461538461539
1774455680,35.7817375195322,-78.6401096864152,0.227494736842105
1774455681,35.781737667,-78.640109833,0.1512
1774455684,35.7817377563846,-78.6401100899231,0.177784615384615
1774455685,35.7817378970167,-78.64011029465,0.13464
1774455686,35.781738,-78.6401105,0.108
1774455687,35.781738,-78.640111,0.0910812720848057
1774455688,35.78173804651,-78.6401111392515,0.108639164490862
1774455689,35.781738167,-78.6401115,0.1476
1774455691,35.781738167,-78.640112167,0.1512
1774455692,35.781738167,-78.6401122751371,0.108987428571429
1774455693,35.7817382402079,-78.6401127740112,0.134029213483146
1774455694,35.781738333,-78.640113333,0.1944
1774455695,35.7817385,-78.640113167,0.0864
1774455696,35.7817384984208,-78.6401131654208,0.0860255319148936
1774455699,35.781740333,-78.6401195,0.1764
1774455700,35.7817406635369,-78.6401207117483,0.126422818791946
1774455701,35.7817410240499,-78.6401216514802,0.0973611015490534
1774455702,35.781741833,-78.640123,0.0828
1774455703,35.7817424586977,-78.6401249172713,0.0644093023255814
1774455704,35.7817425065665,-78.6401250016404,0.0752807881773399
1774455707,35.7817474383684,-78.6401249908947,1.18307368421053
1774455708,35.7817489528384,-78.6401250653232,0.746690909090909
1774455709,35.7817497267668,-78.6401254406233,0.101074439461883
1774455710,35.7817505,-78.640126833,0.1512
1774455711,35.7817516436888,-78.6401286077128,0.0862372340425532
1774455712,35.781752167,-78.640129,0.1512
1774455715,35.7817465,-78.640130167,2.6532
1774455716,35.781735,-78.640135167,8.6148
1774455717,35.7817095,-78.640142667,13.3236
1774455718,35.7816899998421,-78.6401444035263,15.7450736842105
1774455719,35.7816167466983,-78.6401497621878,22.3143949367089
1774455720,35.781542667,-78.640159167,21.168
1774455723,35.781397333,-78.640169333,17.298
1774455724,35.7813652371916,-78.640169493,12.9624790419162
1774455725,35.7813395,-78.640169667,8.2152
1774455727,35.781322333,-78.6401681038342,0.122101554404145
1774455731,35.7813186035882,-78.6401588292588,0.305152941176471
1774455732,35.7813176331776,-78.6401570502256,0.167089875666075
1774455733,35.7813164526581,-78.6401542991453,0.114492307692308
1774455735,35.7813149705882,-78.6401510295882,0.0554823529411765
1774455739,35.7813118679245,-78.6401449466981,0.144475471698113
1774455740,35.78131141675,-78.640143958,0.1728
1774455741,35.7813110102654,-78.6401422074693,0.0600935532233883
1774455743,35.781310667,-78.6401402248949,0.0567875486381323
1774455747,35.7813098436105,-78.640136677547,0.086628729281768
1774455748,35.781309677034,-78.6401360421992,0.0745971671388102
1774455749,35.7813092378049,-78.6401346339878,0.142375609756098
1774455750,35.781308833,-78.640132833,0.054
1774455751,35.7813086982143,-78.6401323610476,0.0758571428571429
1774455754,35.781307167,-78.6401275,0.0684
1774455755,35.7813069245758,-78.6401266917576,0.108545454545455
1774455756,35.781306667,-78.640125833,0.1512
1774455757,35.7813061626522,-78.6401241539565,0.0971060869565217
1774455758,35.781305333,-78.640121167,0.126
1774455759,35.7813053225105,-78.6401211425175,0.125169230769231
1774455762,35.781303667,-78.640117167,0.1044
1774455763,35.7813035378113,-78.6401163934151,0.0626264150943396
1774455764,35.7813034926,-78.6401161484667,0.05216
1774455765,35.781303167,-78.640115333,0.1296
1774455766,35.781302833,-78.640113833,0.3564
1774455767,35.781302833,-78.640113833,0.3564
1774455770,35.781177167,-78.6401085,25.1172
1774455771,35.7811644164783,-78.6401083807778,26.0811304347826
1774455772,35.781105833,-78.640107833,30.51
1774455774,35.780884886383,-78.6401101095957,41.6528425531915
1774455775,35.780825333,-78.640111833,43.7292
1774455779,35.780308,-78.640141167,48.3228
1774455780,35.7801915,-78.640151167,47.7828
1774455781,35.7800795099855,-78.6401610383333,46.8669391304348
1774455782,35.779973650871,-78.640168408871,45.7275483870968
1774455783,35.779962667,-78.640169167,45.6084
1774455786,35.779530667,-78.6401875,41.742
1774455787,35.7794584458462,-78.6401905830962,41.6779615384615
1774455788,35.7794119725,-78.6401923608333,41.7306
1774455789,35.779221667,-78.640199333,41.3856
1774455790,35.779124467,-78.6402034242364,38.5721018181818
1774455791,35.779122667,-78.6402035,38.52
1774455794,35.778817833,-78.640217333,22.338
1774455795,35.7787933390976,-78.6402178880366,21.5777853658537
1774455796,35.7787593092857,-78.6402185952857,20.5806857142857
1774455797,35.778669167,-78.6402205,19.494
1774455798,35.7786277155913,-78.6402222211538,20.0268692307692
1774455799,35.7786063808571,-78.6402232142857,20.3364
1774455802,35.7783979388947,-78.6402339388947,22.0441263157895
1774455803,35.7783711216364,-78.640234584087,22.8486735177866
1774455804,35.7783123886667,-78.6402359996667,24.69
1774455805,35.778202667,-78.6402405,28.008
1774455806,35.7781687237658,-78.6402431487342,29.3387240506329
1774455810,35.7778480806452,-78.6402618976129,30.3493935483871
1774455811,35.7777939451219,-78.6402645264268,30.3262243902439
1774455812,35.7777238333333,-78.6402680556667,30.2808
1774455813,35.7776606481111,-78.6402715923333,30.2948
1774455814,35.7775549250762,-78.6402777939714,30.90216
1774455815,35.7774815,-78.640281,30.8052
1774455818,35.7772376775833,-78.6402884682821,28.4561538461538
1774455819,35.7771875900383,-78.6402891976513,28.2488505747126
1774455820,35.7771187594261,-78.6402907336609,28.916452173913
1774455821,35.777048667,-78.6402945,28.5804
1774455822,35.7769695,-78.6402995,28.9656
1774455823,35.776897,-78.640303667,29.0592
1774455825,35.776746167,-78.640314,30.1212
1774455826,35.7766758912845,-78.6403172381585,28.7886292682927
1774455827,35.7766142819558,-78.6403196459734,26.6858761061947
1774455828,35.7765517340732,-78.6403225243902,24.6433170731707
1774455829,35.776481,-78.640325,25.0308
1774455830,35.7764521352973,-78.6403254052432,24.8258918918919
1774455833,35.7762455,-78.640331,25.0236
1774455834,35.7761876049535,-78.6403349299302,26.2055720930233
1774455835,35.7761444806306,-78.640337622973,26.6730162162162
1774455836,35.7760674461017,-78.6403416471186,27.2325966101695
1774455837,35.775974667,-78.640345833,28.404
1774455838,35.7759637051458,-78.6403465865208,28.6896
1774455841,35.7756235,-78.640366333,32.2272
1774455842,35.7755778534223,-78.6403684081491,32.4581764521193
1774455843,35.775539233,-78.6403715,32.04936
1774455844,35.775439293381,-78.6403798015238,30.6354857142857
1774455845,35.7753237632589,-78.6403885395213,27.9786382978723
1774455846,35.775307667,-78.6403895,27.738
1774455849,35.7750541285143,-78.6404004187714,26.8170171428571
1774455850,35.77500358284,-78.6404043782291,27.1411330909091
1774455851,35.774966413229,-78.6404073157786,27.5010320610687
1774455852,35.7748200522459,-78.6404168469836,30.7540918032787
1774455853,35.7747741708581,-78.6404198602595,31.1854048442907
1774455854,35.774737,-78.640422333,31.4892
1774455857,35.7745004444286,-78.6404350631905,30.3966857142857
1774455858,35.7744104441467,-78.6404402358533,32.0136
1774455859,35.774336,-78.640445,33.7824
1774455860,35.774245667,-78.640452167,35.9712
1774455861,35.7741536069217,-78.6404569286609,34.8997460869565
1774455862,35.7740705,-78.6404605,34.0092
1774455863,35.773978667,-78.6404645,34.0128
1774455864,35.773894,-78.640468167,35.3412
1774455865,35.773803667,-78.640472833,37.4256
1774455866,35.7736995,-78.640480667,38.268
1774455867,35.7736058880257,-78.6404903733949,38.8436909871245
1774455868,35.7735347161579,-78.6404994324737,39.3409894736842
1774455869,35.7734352376344,-78.6405100302789,36.4169816326531
1774455870,35.773420667,-78.640511333,36.0108
1774455873,35.773182167,-78.64052,13.0824
1774455874,35.7731668211127,-78.6405198758085,7.12593126760563
1774455875,35.7731583063694,-78.6405194446464,2.26240527704485
1774455876,35.7731566565625,-78.6405190104375,0.2484
1774455877,35.7731568419432,-78.6405186495882,0.135288438133874
1774455878,35.773157,-78.640518333,0.0396
1774455881,35.7731562456963,-78.640519333,0.0716266666666667
1774455882,35.7731560911986,-78.6405195599503,0.102382978723404
1774455883,35.7731558087121,-78.6405201520682,0.125563636363636
1774455884,35.773155,-78.640521833,0.0684
1774455885,35.7731549551951,-78.6405221909024,0.0626048780487805
1774455889,35.7731550986374,-78.6405273939591,0.0382947368421053
1774455890,35.7731552457263,-78.6405279041274,0.0426439024390244
1774455891,35.7731553742281,-78.640528413875,0.085995
1774455892,35.7731557755862,-78.6405294425862,0.0644275862068966
1774455893,35.773155833,-78.6405295,0.0396
1774455894,35.7731563191739,-78.6405297683478,0.0417913043478261
1774455895,35.7731567225,-78.6405300555,0.0588
1774455896,35.773157,-78.640530333,0.1188
1774455897,35.773157693,-78.64053004676,0.051984
1774455898,35.7731579797505,-78.64053,0.0615547169811321
1774455899,35.773158341524,-78.6405299957444,0.1404
1774455900,35.7731590441722,-78.6405296448808,0.142068874172185
1774455901,35.773159667,-78.640529333,0.1656
1774455904,35.773161333,-78.640528333,0.2052
1774455905,35.7731613498403,-78.6405283162101,0.196487394957983
1774455906,35.7731616698381,-78.6405280014233,0.0333511363636364
1774455907,35.773162,-78.640528167,0.144
1774455908,35.773162331252,-78.6405280008766,0.810085039370079
1774455909,35.7731601136122,-78.6405277043775,2.21341224489796
1774455912,35.773069333,-78.640530833,18.6876
1774455913,35.7730239455205,-78.6405327782055,18.9291945205479
1774455914,35.772968409422,-78.6405369596094,21.1742729613734
1774455915,35.7729241489333,-78.6405405009744,24.3476123076923
1774455916,35.772842270352,-78.6405468876704,25.9277832402235
1774455917,35.7728338160737,-78.640547535421,25.9849136842105
1774455920,35.772579833,-78.640563167,23.9688
1774455921,35.7725246090075,-78.6405647578421,23.1540902255639
1774455922,35.7724752965665,-78.6405664862189,22.207982832618
1774455923,35.7724224994589,-78.6405684535595,23.1887103896104
1774455924,35.7723407620263,-78.6405718081491,25.3963578947368
1774455925,35.7723328805775,-78.6405722837042,25.5620788732394
1774455926,35.77224723625,-78.6405786109167,27.2703
1774455927,35.772137333,-78.6405925,28.2348
1774455928,35.77209738652,-78.64059922,28.80936
1774455929,35.7719927788773,-78.6406113501805,29.8658079422383
1774455930,35.7719390072159,-78.6406131572912,30.3277784114053
1774455931,35.7718611497228,-78.6406131564324,30.4738811881188
1774455932,35.771760833,-78.640610167,31.2408
1774455933,35.771760833,-78.640610167,31.2408
1774455936,35.771403,-78.640575,44.064
1774455937,35.771381408046,-78.640568388954,44.5613379310345
1774455938,35.7712834697707,-78.6405383776987,46.8510209606987
1774455939,35.771174333,-78.640504667,49.7736
1774455940,35.7709940028361,-78.6404489208689,52.9452
1774455941,35.770910833,-78.640420833,52.8012
1774455944,35.7705078686387,-78.6402326958774,53.2019380645161
1774455945,35.7703972719383,-78.6401605984321,53.5756888888889
1774455946,35.7702187587241,-78.640009293,54.086275862069
1774455948,35.7700807979524,-78.6398657377619,54.2224285714286
1774455952,35.7697054301975,-78.6394666550255,38.2212229299363
1774455953,35.7696447254731,-78.6394050666344,30.6106838709677
1774455954,35.769594333,-78.639355,22.9068
1774455955,35.7695605,-78.6393215,12.708
1774455956,35.769547833,-78.6393085,2.0304
1774455960,35.769548167,-78.639306,0.0396
1774455961,35.7695482623881,-78.6393056615896,0.0743641791044776
1774455962,35.7695484824211,-78.6393050350526,0.0642315789473684
1774455964,35.7695488273729,-78.6393041782881,0.0542440677966102
1774455968,35.769549167,-78.6393028347128,0.0363323076923077
1774455969,35.7695492103942,-78.6393027896058,0.0510572614107884
1774455970,35.769549333,-78.6393025385385,0.0797538461538461
1774455971,35.769549333,-78.639302167,0.144
1774455972,35.7695493943761,-78.6393021056239,0.0990153846153846
1774455975,35.7695495,-78.639301333,0.0576
1774455976,35.7695495,-78.6393012260542,0.0436841648590022
1774455977,35.7695495,-78.639301167,0.0328268041237113
1774455978,35.7695495,-78.639301167,0.0252
1774455979,35.7695495,-78.639300833,0.0108
1774455980,35.7695495,-78.639300833,0.0108
1774455983,35.7695495,-78.639300167,0.036
1774455984,35.7695495,-78.6393000983699,0.0493150684931507
1774455985,35.7695495,-78.6392998047447,0.0965106382978723
1774455986,35.7695495,-78.639299667,0.0756
1774455987,35.7695495,-78.639299333,0.0216
1774455988,35.7695495,-78.639299333,0.0216
1774455991,35.769549667,-78.6392988505789,0.0329684210526316
1774455992,35.769549667,-78.6392988293179,0.0377567467652495
1774455993,35.769549667,-78.6392986084035,0.0962526315789474
1774455994,35.769549667,-78.6392985,0.0612
1774455995,35.769549833,-78.639298333,0.0384
1774455996,35.769549833,-78.639298333,0.09
1774455999,35.76955,-78.639298333,0.0684
1774456000,35.7695501663792,-78.639298333,0.0576401486988848
1774456001,35.769550167,-78.639298333,0.1188
1774456002,35.769550167,-78.639298333,0.0965142857142857
1774456003,35.769550167,-78.639298333,0.0072
1774456004,35.769550167,-78.639298333,0.0432
1774456007,35.769550167,-78.639298333,0.0504
1774456008,35.769550167,-78.639298333,0.0924244897959184
1774456009,35.769550167,-78.639298333,0.0901469387755102
1774456010,35.769550167,-78.639298333,0.0828
1774456011,35.769550167,-78.639298333,0.0396
1774456015,35.7695338542766,-78.6392829664681,10.9773574468085
1774456016,35.7695170209818,-78.6392673851818,15.9481309090909
1774456017,35.7694399429574,-78.6392029784468,27.8913446808511
1774456018,35.7693711333,-78.6391594333,34.09668
1774456019,35.7693198335,-78.6391349165,37.3428
1774456023,35.7688705272326,-78.639022667,54.8319348837209
1774456024,35.768772608101,-78.6390075395937,57.4373769230769
1774456025,35.768626833,-78.63899,60.3252
1774456027,35.768243123,-78.6389867367895,65.6689263157895
1774456031,35.7675908256667,-78.6390770875714,71.9650285714286
1774456032,35.76743,-78.639098,73.224
1774456034,35.7669449800588,-78.6391448728824,76.4654823529412
1774456035,35.766866333,-78.639151667,76.6908
1774456038,35.766239583,-78.639206,66.9978
1774456039,35.7661555137662,-78.6392130671642,66.4641850746269
1774456040,35.765991667,-78.6392265,65.9412
1774456042,35.765578833,-78.639260667,67.1832
1774456043,35.765416113,-78.639273627,68.4792
1774456045,35.765061833,-78.639304,70.0848
1774456046,35.764939,-78.639315,70.344
1774456047,35.7647706521739,-78.6393303043478,70.6676869565217
1774456048,35.7646724015385,-78.6393392051282,70.8614769230769
1774456049,35.764586333,-78.639347,71.0316
1774456050,35.7641370224388,-78.6393860088367,72.8677102040816
1774456051,35.7640708727647,-78.6393914021765,72.9410823529412
1774456052,35.7639132726364,-78.6394041819091,73.0692
1774456054,35.763443667,-78.639442833,73.1376
1774456055,35.7632663725588,-78.6394596571765,73.3053176470588
1774456056,35.763261,-78.639460167,73.3104
1774456058,35.7627065,-78.639513,74.4732
1774456059,35.7627065,-78.639513,74.4732
1774456062,35.761967,-78.639586667,73.7496
1774456063,35.7617525652174,-78.6396070148261,73.0677913043478
1774456064,35.76164770825,-78.6396167085,72.711
1774456066,35.7612312198242,-78.6396543158901,71.5002527472527
1774456067,35.761153667,-78.639661333,71.3268
1774456070,35.7606063681579,-78.6397178421053,69.3666947368421
1774456071,35.760306384102,-78.6397681799796,67.3219836734694
1774456074,35.7599385,-78.639836,67.2084
1774456078,35.759220167,-78.639988,73.6848
1774456079,35.7589964447778,-78.6400450371111,75.4912
1774456082,35.758473833,-78.6401965,78.768
1774456086,35.757725167,-78.6404415,74.682
1774456087,35.757545833,-78.640501667,73.9728
1774456090,35.757000667,-78.640691333,72.9828
1774456094,35.756291167,-78.640944667,75.5064
1774456095,35.756199917,-78.640978167,76.0536
1774456098,35.7555712519189,-78.6411972248919,78.9861405405405
1774456102,35.7547374485,-78.6414825578077,77.3930769230769
1774456103,35.7546381287746,-78.641517084507,77.1384676056338
1774456106,35.7541405008264,-78.6416967572778,86.7937
1774456109,35.753349833,-78.6419625,72.7416
1774456110,35.7532661791538,-78.6419922274038,72.8039076923077
1774456111,35.7531151766531,-78.6420453807347,72.9136653061225
1774456112,35.753001,-78.642085,72.9936
1774456113,35.75265,-78.642206,73.494
1774456114,35.75265,-78.642206,73.494
1774456117,35.751934,-78.642445167,75.4596
1774456118,35.751934,-78.642445167,75.4596
1774456119,35.751752167,-78.642505833,75.7044
1774456121,35.751209167,-78.642692167,74.502
1774456122,35.751209167,-78.642692167,74.502
1774456126,35.7504888872651,-78.6429370619397,70.9967277108434
1774456127,35.750252167,-78.643017,70.5492
1774456129,35.7499175,-78.643132167,68.4288
1774456130,35.7498965217826,-78.64313958,68.0925913043478
1774456133,35.749284,-78.64336,67.2228
1774456134,35.7491449047619,-78.6434147162653,67.6333469387755
1774456135,35.74908308325,-78.64344037475,67.6674
1774456137,35.748643833,-78.643645667,69.5052
1774456138,35.748643833,-78.643645667,69.5052
1774456141,35.747999333,-78.644024167,73.2384
1774456142,35.7479019563766,-78.6440875908442,73.8083220779221
1774456143,35.747836333,-78.644130333,74.1924
1774456145,35.747348333,-78.6444575,74.1852
1774456146,35.7472243591538,-78.6445430130769,73.8224307692308
1774456149,35.746689667,-78.644909,73.9548
1774456150,35.7466466983585,-78.6449383648679,74.1725660377358
1774456151,35.746362,-78.645134333,76.3236
1774456153,35.7459890230392,-78.6453941437059,76.1355529411765
1774456154,35.745946667,-78.6454235,75.9456
1774456157,35.7454083026589,-78.6457925902713,72.7771534883721
1774456158,35.745329667,-78.645846833,72.0288
1774456159,35.745024667,-78.646057167,67.716
1774456160,35.745024667,-78.646057167,67.716
1774456161,35.7448232090886,-78.6461945085443,62.5866379746835
1774456165,35.7444067101179,-78.6464810294286,40.6707042857143
1774456166,35.744325833,-78.646535833,34.0596
1774456169,35.744207833,-78.646615167,2.988
1774456173,35.744206333,-78.6466155,0.0756
1774456174,35.7442061837194,-78.6466153498202,0.0723625899280576
1774456176,35.744206,-78.6466150835,0.0972
1774456177,35.7442058635488,-78.6466147279146,0.0657658536585366
1774456179,35.744205833,-78.646614333,0.1224
1774456181,35.7441896926842,-78.6466249298421,10.5078315789474
1774456182,35.74417752075,-78.646633250125,13.93875
1774456185,35.7439740109866,-78.6467793851208,39.9668859060403
1774456189,35.743595964216,-78.647060894608,59.838048
1774456190,35.743487333,-78.647142333,63.7092
1774456192,35.743049667,-78.6474885,73.1844
1774456193,35.743049667,-78.6474885,73.1844
1774456196,35.742485667,-78.6481295,74.034
1774456197,35.7424657503333,-78.6481581666667,73.9062
1774456200,35.742028,-78.648803,68.0544
1774456201,35.742028,-78.648803,68.0544
1774456204,35.741601,-78.64928125,66.0672
1774456205,35.7414700774348,-78.649377724971,66.6242608695652
1774456206,35.741384667,-78.649433667,66.906
1774456208,35.7409666665,-78.6496359165,71.3232
1774456209,35.740881333,-78.649668333,71.9712
1774456212,35.740331,-78.649772167,76.6044
1774456213,35.740039,-78.649780333,78.8544
1774456216,35.739431667,-78.6497905,82.818
1774456220,35.738622333,-78.64993,78.6384
1774456221,35.7384539509412,-78.6499688235294,76.9389882352941
1774456224,35.737877667,-78.650090833,72.1332
1774456225,35.737877667,-78.650090833,72.1332
1774456228,35.7372245167,-78.650259133,56.97936
1774456229,35.7371501911458,-78.650280954875,52.3944
1774456231,35.736982667,-78.6503285,44.4528
1774456232,35.7367821156087,-78.6503769061304,39.5273739130435
1774456233,35.736767833,-78.650380167,39.1644
1774456236,35.7364928265306,-78.6504368911225,30.1073142857143
1774456237,35.7364371158696,-78.6504496089565,28.6647652173913
1774456238,35.736328708,-78.65047537475,17.8866
1774456239,35.736309833,-78.650479833,15.4584
1774456240,35.736278683,-78.65048739195,8.81028
1774456244,35.736232219421,-78.6504981751053,0.464210526315789
1774456245,35.736232167,-78.650498333,0.5688
1774456246,35.736229667,-78.650499,1.2888
1774456247,35.736228667,-78.650499167,0.0648
1774456248,35.736228667,-78.650499333,0.072
1774456252,35.736228833,-78.650499667,0.0979578947368421
1774456253,35.736228833,-78.650499667,0.1188
1774456254,35.736229,-78.650499667,0.108
1774456255,35.736229,-78.650499667,0.09
1774456256,35.736229,-78.650499667,0.0504
1774456259,35.736229,-78.6504995,0.0252
1774456260,35.7362288577407,-78.6504993577407,0.0742666666666667
1774456261,35.736228833,-78.650499333,0.079272
1774456263,35.736228833,-78.650499333,0.0648
1774456264,35.736228833,-78.6504991934638,0.0859826086956522
1774456267,35.736228667,-78.650499167,0.0324
1774456268,35.736228667,-78.650499167,0.0585473684210526
1774456269,35.736228667,-78.650499167,0.0612
1774456270,35.736228667,-78.650499167,0.0468
1774456271,35.736228667,-78.650499,0.054
1774456272,35.736228667,-78.650499,0.0582810810810811
1774456275,35.7362285,-78.650499,0.0828
1774456276,35.7362285,-78.650499,0.0675
1774456277,35.7362285,-78.650499,0.0612
1774456278,35.7362285,-78.650499,0.1764
1774456279,35.736228667,-78.650499167,0.1224
1774456280,35.736228667,-78.650499167,0.1224
1774456283,35.736228833,-78.650499333,0.0432
1774456284,35.736228833,-78.650499333,0.0390575342465753
1774456286,35.736229,-78.6504995,0.0432
1774456287,35.736229,-78.6504995703158,0.0380842105263158
1774456288,35.736229,-78.650499667,0.036
1774456291,35.736229167,-78.650499833,0.0374086956521739
1774456292,35.736229167,-78.6504998351688,0.0898597402597403
1774456295,35.73622912813,-78.6505001729731,0.0929381165919283
1774456296,35.736227,-78.6505005,1.4364
1774456299,35.736139833,-78.650521,18.1044
1774456300,35.7360943742075,-78.6505319563019,19.8916301886793
1774456301,35.736038667,-78.650545333,24.3108
1774456302,35.735973667,-78.650560333,28.0656
1774456303,35.735901167,-78.650577,29.844
1774456307,35.735654833,-78.650665333,21.456
1774456308,35.7356358802706,-78.6506995334235,21.3439341176471
1774456309,35.735612333,-78.650792167,23.904
1774456310,35.7356165,-78.650862,26.7984
1774456311,35.7356299622267,-78.6509536218926,30.9460381861575
1774456315,35.735690667,-78.651405333,40.4568
1774456316,35.735695309487,-78.6514472811865,41.2291772020725
1774456317,35.73572,-78.6516665,44.7624
1774456318,35.735737667,-78.651847,45.4284
1774456319,35.7357406319123,-78.6518793859649,45.7683157894737
1774456323,35.7357668132818,-78.6524711781778,42.2367796766744
1774456324,35.735766167,-78.652556167,40.3272
1774456326,35.7358026515152,-78.6527824597273,24.8128363636364
1774456327,35.7358175,-78.652823167,22.4892
1774456328,35.7358672945385,-78.6528911536923,19.4549538461538
1774456329,35.735888833,-78.652908833,18.4644
1774456330,35.73598040644,-78.65291886028,20.8764
1774456331,35.7360112684839,-78.6529127153871,21.9510580645161
1774456332,35.736042333,-78.652905167,23.2596
1774456333,35.736100333,-78.652885167,24.084
1774456334,35.7362000688049,-78.6528400607073,19.8128195121951
1774456335,35.7362074032319,-78.6528366401304,19.4557565217391
1774456336,35.736249667,-78.652817833,18.738
1774456338,35.736390833,-78.652769833,14.166
1774456339,35.7363937733529,-78.6527698192506,14.0704112531969
1774456340,35.7364255608547,-78.6527714826425,12.237305027933
1774456341,35.736451667,-78.652779833,11.4264
1774456342,35.7364755,-78.652794833,11.394
1774456343,35.7364939035288,-78.6528126025481,9.31728461538462
1774456344,35.736510167,-78.652833333,8.496
1774456346,35.736534667,-78.652874833,8.2296
1774456347,35.7365427142971,-78.6528918942743,5.163264
1774456348,35.7365432210221,-78.6528930248343,4.73219005524862
1774456350,35.7365514979058,-78.6529140712681,7.41198260869565
1774456351,35.7365518962698,-78.6529151702011,7.75872380952381
1774456352,35.7365671666667,-78.6529620003333,15.468
1774456354,35.736600333,-78.653106167,18.432
1774456355,35.7366102729786,-78.6531526482834,17.3396021390374
1774456356,35.7366124043333,-78.6531621164545,17.1266181818182
1774456358,35.7366500784759,-78.6532890760734,13.8642150943396
1774456359,35.736651833,-78.653293667,13.9104
1774456360,35.7366765835,-78.6533546665,14.5908
1774456362,35.736718,-78.6534395,11.0952
1774456363,35.7367294755658,-78.6534611008267,10.3836776617954
1774456364,35.736733733,-78.6534694688113,10.186641509434
1774456365,35.736755667,-78.6535245,10.242
1774456366,35.7367596433179,-78.6535473080357,10.9165564285714
1774456367,35.7367610058869,-78.6535673332398,11.5778932126697
1774456368,35.736760167,-78.653593833,12.5388
1774456369,35.736749667,-78.653633667,14.2272
1774456370,35.7367030573143,-78.6536885716,15.5543657142857
1774456371,35.7366682134491,-78.6537078901977,15.3546564299424
1774456372,35.736639167,-78.653710833,14.976
1774456373,35.7365835,-78.6536835,15.8076
1774456374,35.7365669974493,-78.6536600315362,16.4912869565217
1774456375,35.7365419163462,-78.6536238144231,17.5403076923077
1774456376,35.7365166167,-78.6535721667,18.91008
1774456377,35.736495167,-78.653524167,20.4588
1774456378,35.7364630807931,-78.6534468736552,22.3109379310345
1774456379,35.736443167,-78.653396667,23.544
1774456380,35.736418333,-78.6533285,24.4188
1774456381,35.736395333,-78.653258667,24.3936
1774456382,35.7363720880161,-78.6531810512088,24.1444192771084
1774456383,35.7363525,-78.653111167,23.9508
1774456384,35.736335,-78.653051333,22.0104
1774456386,35.736304333,-78.652959667,9.2772
1774456387,35.7362982326764,-78.6529413660291,6.23304466019417
1774456388,35.7362905,-78.652919667,9.7416
1774456389,35.736271833,-78.652889833,11.916
1774456390,35.7362494645789,-78.6528709441111,11.0391578947368
1774456391,35.736223667,-78.652861333,10.6344
1774456392,35.736223667,-78.652861333,10.6344
1774456393,35.7361666998,-78.6528700666,15.53472
1774456394,35.7361217343158,-78.6528889777368,15.8719263157895
1774456395,35.736089440078,-78.6529036274719,15.0340834845735
1774456397,35.736004167,-78.652930167,17.4528
1774456398,35.7359826151034,-78.6529330118276,16.8588
1774456399,35.735927,-78.652940333,12.7332
1774456400,35.735927,-78.652940333,12.7332
1774456401,35.735904333,-78.652944833,6.5016
1774456402,35.735896833,-78.652947167,0.691498961937716
1774456403,35.735896833,-78.652947167,0.0295270935960591
1774456406,35.7358957036564,-78.6529475015367,1.02077374517375
1774456407,35.73588160425,-78.6529531875,8.0397
1774456408,35.735862417,-78.65296475,11.0466
1774456409,35.735849667,-78.6529735,11.5992
1774456410,35.7358062222944,-78.6529997420924,13.1513430656934
1774456411,35.735795833,-78.653004,13.518
1774456413,35.7357223336098,-78.6529025650122,22.0659365853659
1774456414,35.735721167,-78.6528975,22.4676
1774456415,35.735715833,-78.652820333,27.7272
1774456417,35.7356974691758,-78.6524965845714,39.6291164835165
1774456418,35.7356932118202,-78.6524457005843,40.853002247191
1774456419,35.7356865,-78.652366,42.7716
1774456421,35.7356530300833,-78.6520209398056,44.11025
1774456422,35.735645333,-78.651948833,44.028
1774456425,35.73561175,-78.651556797,41.89824
1774456426,35.7355995,-78.651391667,37.7352
1774456427,35.7355913434687,-78.6512981508125,35.481375
1774456428,35.7355814868462,-78.6512008164359,32.5515692307692
1774456429,35.735569167,-78.651086,30.0924
1774456430,35.735562771932,-78.6510225436893,27.4334330097087
1774456433,35.735544,-78.650831,8.3268
1774456434,35.735542387784,-78.6508148807418,3.19130704225352
1774456435,35.7355422674918,-78.6508137756885,2.48777704918033
1774456436,35.7355420570244,-78.6508115570244,0.242780487804878
1774456437,35.735542333,-78.650811667,0.0648
1774456438,35.735542333,-78.650811667,0.0648
1774456441,35.735542667,-78.650811667,0.1368
1774456442,35.735542698363,-78.650811667,0.118435627530364
1774456443,35.735542833,-78.650811667,0.072
1774456444,35.73554284636,-78.65081165364,0.074016
1774456445,35.735543,-78.6508115,0.131486746987952
1774456446,35.735543,-78.6508115,0.2088
1774456449,35.735543167,-78.650811,0.175470967741935
1774456450,35.735543167,-78.650811,0.0828
1774456452,35.7355435,-78.650811,0.162
1774456453,35.73554354008,-78.650811,0.071568
1774456454,35.735543667,-78.650811,0.1728
1774456457,35.7355438462841,-78.6508111802045,0.10845
1774456458,35.735544,-78.650811333,0.072
1774456459,35.735544,-78.650811333,0.0612
1774456460,35.735544,-78.6508115,0.1404
1774456461,35.735544167,-78.650811667,0.0252
1774456464,35.735544167,-78.650811833,0.1332
1774456465,35.735544167,-78.650811833,0.0468
1774456466,35.735544167,-78.6508119776457,0.124752755905512
1774456467,35.735544167,-78.650812,0.2484
1774456469,35.735544167,-78.650812,0.0574990654205607
1774456473,35.735543833,-78.650812,0.1152
1774456474,35.735543833,-78.650812,0.114460273972603
1774456475,35.735543833,-78.650812,0.0972
1774456476,35.735543833,-78.650812,0.0684
1774456477,35.735543833,-78.650812,0.0597565217391304
1774456480,35.735543667,-78.650812,0.0468
1774456481,35.735543667,-78.650812,0.0480648648648649
1774456482,35.735543667,-78.650812,0.0504
1774456484,35.735543833,-78.650811833,0.2124
1774456485,35.735543833,-78.650811833,0.19805625
1774456488,35.735543667,-78.6508115,0.1548
1774456489,35.7355437411467,-78.6508115,0.124248
1774456490,35.735543833,-78.6508115,0.0864
1774456491,35.735543833,-78.650811333,0.0612
1774456492,35.735544167,-78.650811167,0.0648
1774456493,35.735544167,-78.650811167,0.0648
1774456496,35.7355445,-78.650811,0.0936
1774456497,35.7355445,-78.6508109522857,0.0946285714285714
1774456498,35.7355445,-78.650810833,0.0432
1774456499,35.735544667,-78.650810833,0.1296
1774456500,35.735544667,-78.6508108145556,0.0928
1774456501,35.735544667,-78.650810667,0.0864
1774456504,35.735545,-78.650810667,0.0828
1774456505,35.735545167,-78.650810667,0.0792
1774456507,35.7355452792941,-78.6508105,0.0457411764705882
1774456508,35.7355455,-78.6508105,0.0684
1774456509,35.7355455441132,-78.6508105,0.0779094339622642
1774456512,35.735546,-78.650810167,0.0504
1774456513,35.7355461627542,-78.650810167,0.0539084745762712
1774456515,35.735546333,-78.650810167,0.0792
1774456516,35.7355465,-78.65081,0.2016
1774456517,35.7355465,-78.65081,0.2016
1774456520,35.735546667,-78.65081,0.0428307692307692
1774456521,35.7355467291517,-78.65081,0.0405042654028436
1774456522,35.735546833,-78.65081,0.0936
1774456523,35.735546833,-78.650809833,0.0864
1774456524,35.735546833,-78.650809833,0.0721741935483871
1774456528,35.735546667,-78.6508097273636,0.0837818181818182
1774456529,35.735546667,-78.6508096915562,0.0560023668639053
1774456530,35.7355465424576,-78.650809833,0.0333762711864407
1774456531,35.7355465,-78.650809833,0.0288
1774456532,35.7355464072222,-78.6508099257778,0.07
1774456536,35.7355374782609,-78.6507254416957,15.2176695652174
1774456537,35.7355364724138,-78.6507150031172,15.777484137931
1774456538,35.7355325,-78.6506675,15.588
1774456539,35.735529167,-78.650619833,15.2604
1774456540,35.735526667,-78.650576667,13.0392
1774456543,35.735529333,-78.650432833,17.4672
1774456544,35.735529333,-78.650432833,17.4672
1774456545,35.735564333,-78.650352,22.8636
1774456547,35.735679667,-78.6502635,31.5468
1774456548,35.7357524434911,-78.6502425800625,35.0503392857143
1774456551,35.736078,-78.650178167,48.4344
1774456552,35.7361915474539,-78.6501545424868,51.6672473684211
1774456553,35.73625154175,-78.65014195825,52.96725
1774456555,35.736613667,-78.650065333,58.77
1774456556,35.736686686802,-78.6500493265644,59.8339603960396
1774456560,35.737375666907,-78.6498977400233,67.1006511627907
1774456561,35.737398667,-78.649892833,67.2192
1774456564,35.737897833,-78.649777667,67.7088
1774456568,35.7387533035882,-78.6495909117059,70.0128
1774456569,35.738824333,-78.649575333,70.5672
1774456571,35.7392685835,-78.64946975,73.7316
1774456572,35.739358667,-78.649448333,73.8576
1774456575,35.7399592119091,-78.6493086667273,75.4789090909091
1774456576,35.7401816812857,-78.6492605621143,76.21272
1774456579,35.740787218377,-78.649128363459,75.2633114754098
1774456580,35.740860333,-78.649112167,75.15
1774456583,35.7414585855758,-78.6489824598788,74.1009818181818
1774456584,35.7416160852273,-78.6489501079545,74.1141818181818
1774456587,35.742145667,-78.648853167,74.6316
1774456588,35.742330333,-78.648827,74.3688
1774456591,35.742901333,-78.648755167,71.9424
1774456592,35.7430478613333,-78.6487435003333,69.5364
1774456595,35.743644,-78.6487015,57.6648
1774456596,35.743644,-78.6487015,57.6648
1774456599,35.744138833,-78.648719667,44.9604
1774456600,35.7442050454091,-78.6487218260909,43.0265454545455
1774456603,35.744493725,-78.6487313705,40.43997
1774456607,35.7448970955565,-78.6487411770261,45.3392765217391
1774456608,35.744970667,-78.648743,46.5624
1774456609,35.745150167,-78.648749167,49.0284
1774456611,35.7454278525215,-78.6487565197607,54.2062159509202
1774456615,35.7460685019674,-78.6487732974348,60.3298173913044
1774456616,35.746139,-78.648775167,60.6024
1774456617,35.746291833,-78.648779167,61.0236
1774456619,35.7466015,-78.6487875,62.5356
1774456622,35.747209667,-78.648805167,52.2324
1774456623,35.747221003635,-78.6488054995,51.539166
1774456624,35.747329,-78.648808667,44.9352
1774456626,35.7476175,-78.648815667,33.8256
1774456627,35.7476175,-78.648815667,33.8256
1774456630,35.747850667,-78.648823333,21.4416
1774456631,35.747902667,-78.648825,20.3544
1774456632,35.7479361501,-78.6488261669,18.72144
1774456634,35.748028,-78.64883,13.716
1774456635,35.7480495626667,-78.6488310721649,13.4818391752577
1774456638,35.7482085,-78.648836,27.4464
1774456639,35.7482748647857,-78.6488377619048,31.4836285714286
1774456640,35.7482858406782,-78.6488380881149,32.142
1774456642,35.748573167,-78.64885,42.8616
1774456643,35.7485748809124,-78.6488500489742,42.8981195876289
1774456646,35.749062,-78.648865333,52.5168
1774456647,35.749133559,-78.6488670096471,53.8528235294118
1774456648,35.749338167,-78.648872667,57.2436
1774456649,35.749338167,-78.648872667,57.2436
1774456650,35.7496318728824,-78.6488835489706,59.5580823529412
1774456651,35.749644667,-78.648883833,59.8068
1774456654,35.750261333,-78.648901,59.0796
1774456655,35.7503329697273,-78.6489031818182,58.2862909090909
1774456656,35.750392667,-78.648905,57.6252
1774456658,35.7507390716707,-78.6489267879109,57.6136604229607
1774456659,35.750820333,-78.648934167,58.0212
1774456662,35.751316513,-78.6489653075385,53.7391384615385
1774456663,35.751378667,-78.648967,53.1576
1774456665,35.751785333,-78.648969167,52.9848
1774456666,35.7517858481011,-78.6489691710627,52.9915484320557
1774456670,35.752437833,-78.648985333,57.7584
1774456671,35.7525095,-78.648987667,56.9988
1774456674,35.752971333,-78.6490325,55.1088
1774456678,35.753422833,-78.649042833,39.0744
1774456679,35.7534734015619,-78.6490409600903,37.8337846153846
1774456680,35.7536155,-78.649036167,34.4952
1774456682,35.7537423984843,-78.6490333295157,29.9335233449477
1774456686,35.754010617,-78.64908512326,26.3304
1774456687,35.754022167,-78.6490955,26.4492
1774456690,35.7540869374823,-78.6494884596809,44.9518468085106
1774456694,35.7540409959342,-78.6502896110789,63.4340131578947
1774456697,35.754001,-78.6508995,71.2296
1774456698,35.754001,-78.6508995,71.2296
1774456702,35.7540160203823,-78.6519636101695,79.8621220338983
1774456705,35.7541518073846,-78.6528089932692,86.9370923076923
1774456706,35.754153833,-78.652818833,87.0084
1774456709,35.754550833,-78.653927833,96.6132
1774456710,35.754550833,-78.653927833,96.6132
1774456713,35.754917833,-78.654753333,99.3276
1774456714,35.755036333,-78.655021667,99.1908
1774456717,35.755417,-78.655877833,99.5112
1774456718,35.7555149166667,-78.6561019996667,99.5022
1774456721,35.7558745,-78.6569615,99.3744
1774456725,35.756291667,-78.658096,97.7508
1774456726,35.7563841415714,-78.6583729266409,97.7256972972973
1774456729,35.756638833,-78.659218667,97.4844
1774456733,35.756928333,-78.660367667,92.7864
1774456734,35.7569288801264,-78.6603701850046,92.775475862069
1774456737,35.7571536578421,-78.6613986488421,87.8976
1774456741,35.7573750002,-78.6622286666,82.84248
1774456742,35.7574361625723,-78.6624303179057,81.4201041509434
1774456745,35.75771325,-78.66319025,73.6578
1774456749,35.7579928812857,-78.6638599047143,35.5417714285714
1774456750,35.757999667,-78.6638745,34.3332
1774456753,35.7580872237045,-78.6640579432954,4.03960909090909
1774456757,35.758091167,-78.664063333,0.1476
1774456758,35.758091167,-78.664063333,0.1476
1774456761,35.758092667,-78.664062667,0.126
1774456765,35.7580939606724,-78.6640616031638,0.236027303754266
1774456766,35.758094167,-78.6640615,0.1404
1774456768,35.7580946298889,-78.6640610371111,0.046
1774456769,35.758094667,-78.664061,0.0396
1774456772,35.758095667,-78.664060167,0.0108
1774456773,35.7580958322368,-78.664060167,0.060968275862069
1774456774,35.7580958807143,-78.6640601192857,0.0581142857142857
1774456776,35.758096833,-78.6640595,0.072
1774456777,35.7580969508824,-78.6640594410588,0.0783529411764706
1774456780,35.758098167,-78.664058833,0.0828
1774456781,35.7580982223333,-78.6640587776667,0.084
1774456784,35.758099667,-78.664058333,0.0504
1774456785,35.758099667,-78.664058333,0.0504
1774456788,35.758102333,-78.664057833,0.108
1774456789,35.7581028728968,-78.6640576986329,0.0555482517482518
1774456792,35.758105333,-78.664057167,0.2808
1774456796,35.7581525336,-78.6641513002,20.50776
1774456797,35.758157667,-78.664161667,21.3876
1774456800,35.7582470553333,-78.6644141113333,26.346
1774456801,35.758250333,-78.664440167,26.9784
1774456804,35.7581313335714,-78.6647014522857,34.7816571428571
1774456805,35.7580767315843,-78.6647519583236,37.1584360465116
1774456808,35.757810167,-78.664962167,47.5236
1774456809,35.757706,-78.665041833,50.4828
1774456812,35.757354,-78.665292,51.2316
1774456813,35.757244167,-78.665364333,48.2004
1774456816,35.756923167,-78.665557,37.0116
1774456817,35.756923167,-78.665557,37.0116
1774456821,35.7566332522727,-78.665714222303,22.7688
1774456824,35.7565005868261,-78.6657812025652,17.4418434782609
1774456828,35.756216932625,-78.6659120940312,37.1833875
1774456829,35.7562035282205,-78.6659176787677,37.7878960629921
1774456830,35.756011333,-78.665995333,45.1512
1774456831,35.755898667,-78.666038333,48.6288
1774456832,35.7558511012105,-78.6660552411579,49.7400631578947
1774456836,35.7552207827273,-78.6662569996667,59.0352
1774456837,35.7551733190571,-78.6662716187143,59.5500685714286
1774456838,35.7549568335,-78.6663384165,61.1244
1774456839,35.754732167,-78.6664085,61.956
1774456840,35.7547261772339,-78.6664103723363,61.9712105263158
1774456844,35.7541184342727,-78.666608919,63.5418545454545
1774456845,35.7539907148182,-78.6666598851636,62.3526545454545
1774456846,35.753789270625,-78.6667639375,61.6554
1774456847,35.7536056470588,-78.6668833333333,61.1029411764706
1774456848,35.753569,-78.666909,60.8292
1774456851,35.753095833,-78.6673165,46.854
1774456852,35.753095833,-78.6673165,46.854
1774456853,35.753012333,-78.667396333,38.9124
1774456854,35.752945833,-78.667463333,30.7296
1774456855,35.752883,-78.667519833,27.7704
1774456856,35.752788833,-78.667526667,28.3752
1774456857,35.752731,-78.667477,28.8972
1774456859,35.752645833,-78.6673475,23.7456
1774456860,35.7526102701035,-78.6672994769655,18.3724137931034
1774456861,35.7525768936364,-78.6672749693636,15.3906545454545
1774456863,35.7524975,-78.667276167,15.3648
1774456864,35.7524886538031,-78.6672822291762,15.2939937823834
1774456865,35.752441,-78.667328333,14.2848
1774456867,35.752419667,-78.667409333,13.9068
1774456868,35.752425003383,-78.6674397412979,13.796885106383
1774456869,35.7524382084167,-78.66747595825,14.3661
1774456870,35.752469333,-78.667527167,13.014
1774456871,35.752488167,-78.667551667,10.0044
1774456872,35.7524884991026,-78.6675524289048,9.98214065934066
1774456873,35.7524995609489,-78.6675876425474,9.4484496350365
1774456875,35.752462333,-78.667663833,14.634
1774456876,35.7524321982453,-78.6676885001321,15.063758490566
1774456877,35.752390833,-78.667724833,13.1184
1774456878,35.752390833,-78.667724833,13.1184
1774456879,35.7523515,-78.667768667,7.956
1774456880,35.7523507772481,-78.6677693897519,7.41922250639386
1774456881,35.752342667,-78.667779333,2.1888
1774456883,35.752342,-78.667779667,0.0828
1774456884,35.7523420278333,-78.6677796391667,0.0894
1774456885,35.752342167,-78.6677795,0.107376923076923
1774456886,35.752342167,-78.6677795,0.0972
1774456887,35.7523423998,-78.6677795,0.05184
1774456888,35.7523425139167,-78.6677795139167,0.0843
1774456889,35.752342667,-78.667779667,0.0612
1774456891,35.752343,-78.667779833,0.0576
1774456892,35.752343167,-78.667780167,0.0684
1774456893,35.7523435053871,-78.6677805053871,0.0966193548387097
1774456894,35.752343667,-78.667780667,0.0792
1774456895,35.7523438341993,-78.6677808341993,0.0402850987432675
1774456896,35.752344167,-78.667781167,0.2304
1774456897,35.752344333,-78.667781333,0.0936
1774456899,35.752344667,-78.667781667,0.0432
1774456900,35.7523449881071,-78.6677818270714,0.0918
1774456901,35.752345167,-78.667782,0.0828
1774456903,35.7523455,-78.667782,0.1692
1774456904,35.7523455,-78.667782,0.0324
1774456905,35.7523455334,-78.6677819666,0.03744
1774456907,35.7523458154235,-78.6677813506823,0.154037647058824
1774456908,35.7523459257778,-78.667781148,0.1208
1774456910,35.752346167,-78.6677802225556,0.072
1774456911,35.752346167,-78.667779838426,0.19601155234657
1774456912,35.752346333,-78.667779333,0.0972
1774456913,35.752346333,-78.667779333,0.0972
1774456915,35.752346701528,-78.667778597528,0.1305216
1774456916,35.752346833,-78.667778333,0.0792
1774456917,35.752347,-78.667778,0.1116
1774456918,35.752347333,-78.667777667,0.1656
1774456919,35.752346433,-78.6677786666,1.21104
1774456920,35.7523405,-78.667786667,4.7124
1774456921,35.7523405,-78.667786667,4.7124
1774456922,35.7523235,-78.667835,12.168
1774456923,35.7523270525366,-78.6678717645366,13.3925268292683
1774456924,35.7523275916207,-78.6678752359655,13.4365655172414
1774456925,35.75234301635,-78.6679086003,10.19772
1774456926,35.752362,-78.667932333,1.1844
1774456927,35.7523619610434,-78.6679323749765,0.955640506329114
1774456928,35.752362210037,-78.667932289963,0.0562666666666667
1774456930,35.752362167,-78.6679315,0.4788
1774456931,35.7523629454384,-78.6679323789452,0.990345205479452
1774456932,35.75237498652,-78.66794312004,6.246432
1774456933,35.7523837,-78.667948317,8.55432
1774456934,35.7524332085625,-78.6679437396875,15.71895
1774456935,35.7524450204923,-78.6679386294719,17.2297962521295
1774456936,35.752486167,-78.6678955,25.2144
1774456938,35.7526303053333,-78.6677330553333,39.285
1774456939,35.75269708366,-78.667662117,43.77924
1774456940,35.752791,-78.667561667,48.348
1774456941,35.752876167,-78.667468167,52.5132
1774456942,35.7529886053562,-78.6673466872192,57.2924219178082
1774456943,35.7530998732977,-78.6672302624378,60.2052084063047
1774456944,35.75318208325,-78.66714679175,61.0083
1774456946,35.753457833,-78.666893167,62.0784
1774456947,35.7535949080357,-78.666787167,62.6473928571429
1774456948,35.7537070415,-78.666714792,62.6391
1774456949,35.753902333,-78.666613833,62.9748
1774456950,35.754053,-78.666551667,63.3816
1774456951,35.754053,-78.666551667,63.3816
1774456954,35.7546935,-78.666326,65.9124
1774456955,35.7547697836863,-78.6663008663193,65.5290857142857
1774456956,35.754851833,-78.666273833,65.1168
1774456958,35.7553089385789,-78.6661271757368,62.4107368421053
1774456962,35.75582997348,-78.66596218676,37.989504
1774456963,35.7558708652311,-78.6659479255038,34.6289590909091
1774456966,35.75610620825,-78.6658513335,34.5276
1774456970,35.7565047776667,-78.6656618886667,54.3228
1774456974,35.756985333,-78.6654025,60.4224
1774456978,35.7576673755704,-78.6649842762815,58.9761066666667
1774456979,35.757698667,-78.664963833,58.1904
1774456982,35.758017833,-78.664716833,39.3192
1774456985,35.758170667,-78.664586833,7.9848
1774456986,35.7581799815917,-78.6645790154497,2.24693964497041
1774456987,35.7581814748276,-78.6645777931034,0.546910344827586
1774456989,35.758181667,-78.664577167,0.3348
1774456990,35.7581830817315,-78.6645758803893,0.851605369127517
1774456993,35.758185333,-78.664573167,0.0936
1774456994,35.7581851702354,-78.6645730032549,0.076760419790105
1774456997,35.7581845,-78.6645725,0.0756
1774456998,35.7581844833,-78.6645724833,0.0756
1774457001,35.758185333,-78.664571167,0.432
1774457002,35.7581860173158,-78.6645705878421,0.9936
1774457005,35.758264167,-78.664573333,18.4788
1774457006,35.758264167,-78.664573333,18.4788
1774457010,35.758379167,-78.664893,40.6836
1774457013,35.758472067,-78.6654414332,58.8672
1774457014,35.758482667,-78.6655125,60.4512
1774457021,35.758341,-78.667044167,81.126
1774457025,35.757856667,-78.667933167,87.9516
1774457026,35.7577817843224,-78.6680655429454,88.5401448017951
1774457029,35.757327308,-78.669093699,92.4557538461538
1774457033,35.757071267,-78.670113867,93.74256
1774457034,35.757005042,-78.67044841675,94.9329
1774457037,35.7568538722093,-78.6711888994419,99.0066139534884
1774457041,35.7566092776667,-78.672368778,94.3764
1774457042,35.7565957280601,-78.6724340200854,93.3938645879733
1774457045,35.7563847152917,-78.6734535905833,84.72825
1774457049,35.7561541340149,-78.6744757835821,88.0299402985075
1774457050,35.7561507948073,-78.6744904526795,88.1104527383367
1774457053,35.7559832447647,-78.6752925558824,91.6863529411765
1774457057,35.7556728512605,-78.6768101037899,95.9895327731092
1774457058,35.7556685,-78.676831833,95.9112
1774457061,35.755493833,-78.6776905,96.2136
1774457065,35.7552379819362,-78.6789105834468,96.7614127659574
1774457066,35.755195333,-78.679127833,97.0524
1774457068,35.755025667,-78.679968667,97.5312
